<?xml version="1.0" encoding="UTF-8"?>
<ksdk:examples xmlns:ksdk="http://nxp.com/ksdk/2.0/ksdk_manifest_v3.0.xsd" xmlns:xsi="http://www.w3.org/2001/XMLSchema-instance" xsi:schemaLocation="http://nxp.com/ksdk/2.0/ksdk_manifest_v3.0.xsd manifest.xsd">
  <externalDefinitions>
    <definition extID="platform.drivers.cache_armv7_m7.MIMXRT1064"/>
    <definition extID="middleware.wifi.wifidriver.MIMXRT1064"/>
    <definition extID="middleware.freertos-kernel.MIMXRT1064"/>
    <definition extID="utility.debug_console.MIMXRT1064"/>
    <definition extID="middleware.wifi.sdio.MIMXRT1064"/>
    <definition extID="middleware.wifi.fwdnld.MIMXRT1064"/>
    <definition extID="middleware.sdmmc.sdio.MIMXRT1064"/>
    <definition extID="middleware.sdmmc.common.MIMXRT1064"/>
    <definition extID="middleware.sdmmc.host.usdhc.MIMXRT1064"/>
    <definition extID="middleware.sdmmc.host.usdhc.freertos.MIMXRT1064"/>
    <definition extID="component.igpio_adapter.MIMXRT1064"/>
    <definition extID="component.silicon_id.MIMXRT1064"/>
    <definition extID="platform.drivers.common.MIMXRT1064"/>
    <definition extID="component.silicon_id_rt10xx.MIMXRT1064"/>
    <definition extID="middleware.lwip.apps.mqtt.MIMXRT1064"/>
    <definition extID="platform.drivers.clock.MIMXRT1064"/>
    <definition extID="middleware.freertos-kernel.heap_4.MIMXRT1064"/>
    <definition extID="middleware.lwip.MIMXRT1064"/>
    <definition extID="middleware.wifi.MIMXRT1064"/>
    <definition extID="middleware.edgefast_wifi_nxp.MIMXRT1064"/>
    <definition extID="device.MIMXRT1064_CMSIS.MIMXRT1064"/>
    <definition extID="component.lpuart_adapter.MIMXRT1064"/>
    <definition extID="component.serial_manager.MIMXRT1064"/>
    <definition extID="component.lists.MIMXRT1064"/>
    <definition extID="component.serial_manager_uart.MIMXRT1064"/>
    <definition extID="platform.drivers.lpuart.MIMXRT1064"/>
    <definition extID="device.MIMXRT1064_startup.MIMXRT1064"/>
    <definition extID="platform.drivers.iomuxc.MIMXRT1064"/>
    <definition extID="platform.utilities.assert.MIMXRT1064"/>
    <definition extID="platform.drivers.igpio.MIMXRT1064"/>
    <definition extID="platform.drivers.xip_device.MIMXRT1064"/>
    <definition extID="platform.drivers.xip_board.evkmimxrt1064.MIMXRT1064"/>
    <definition extID="CMSIS_Include_core_cm.MIMXRT1064"/>
    <definition extID="middleware.freertos-kernel.extension.MIMXRT1064"/>
    <definition extID="middleware.wifi.sdio-2.MIMXRT1064"/>
    <definition extID="middleware.sdmmc.osa.freertos.MIMXRT1064"/>
    <definition extID="component.osa_free_rtos.MIMXRT1064"/>
    <definition extID="platform.drivers.usdhc.MIMXRT1064"/>
    <definition extID="component.wifi_bt_module.tx_pwr_limits.MIMXRT1064"/>
    <definition extID="middleware.wifi.common_files.MIMXRT1064"/>
    <definition extID="middleware.edgefast_wifi.MIMXRT1064"/>
    <definition extID="platform.utilities.misc_utilities.MIMXRT1064"/>
    <definition extID="device.MIMXRT1064_system.MIMXRT1064"/>
    <definition extID="iar"/>
    <definition extID="mdk"/>
    <definition extID="armgcc"/>
    <definition extID="mcuxpresso"/>
    <definition extID="com.nxp.mcuxpresso"/>
    <definition extID="com.crt.advproject.config.exe.debug"/>
    <definition extID="com.crt.advproject.config.exe.release"/>
  </externalDefinitions>
  <example id="evkmimxrt1064_wifi_mqtt" name="wifi_mqtt" dependency="platform.drivers.cache_armv7_m7.MIMXRT1064 middleware.wifi.wifidriver.MIMXRT1064 middleware.freertos-kernel.MIMXRT1064 utility.debug_console.MIMXRT1064 middleware.wifi.sdio.MIMXRT1064 middleware.wifi.fwdnld.MIMXRT1064 middleware.sdmmc.sdio.MIMXRT1064 middleware.sdmmc.common.MIMXRT1064 middleware.sdmmc.host.usdhc.MIMXRT1064 middleware.sdmmc.host.usdhc.freertos.MIMXRT1064 component.igpio_adapter.MIMXRT1064 component.silicon_id.MIMXRT1064 platform.drivers.common.MIMXRT1064 component.silicon_id_rt10xx.MIMXRT1064 middleware.lwip.apps.mqtt.MIMXRT1064 platform.drivers.clock.MIMXRT1064 middleware.freertos-kernel.heap_4.MIMXRT1064 middleware.lwip.MIMXRT1064 middleware.wifi.MIMXRT1064 middleware.edgefast_wifi_nxp.MIMXRT1064 device.MIMXRT1064_CMSIS.MIMXRT1064 component.lpuart_adapter.MIMXRT1064 component.serial_manager.MIMXRT1064 component.lists.MIMXRT1064 component.serial_manager_uart.MIMXRT1064 platform.drivers.lpuart.MIMXRT1064 device.MIMXRT1064_startup.MIMXRT1064 platform.drivers.iomuxc.MIMXRT1064 platform.utilities.assert.MIMXRT1064 platform.drivers.igpio.MIMXRT1064 platform.drivers.xip_device.MIMXRT1064 platform.drivers.xip_board.evkmimxrt1064.MIMXRT1064 CMSIS_Include_core_cm.MIMXRT1064 middleware.freertos-kernel.extension.MIMXRT1064 middleware.wifi.sdio-2.MIMXRT1064 middleware.sdmmc.osa.freertos.MIMXRT1064 component.osa_free_rtos.MIMXRT1064 platform.drivers.usdhc.MIMXRT1064 component.wifi_bt_module.tx_pwr_limits.MIMXRT1064 middleware.wifi.common_files.MIMXRT1064 middleware.edgefast_wifi.MIMXRT1064 platform.utilities.misc_utilities.MIMXRT1064 device.MIMXRT1064_system.MIMXRT1064" category="wifi_examples">
    <projects>
      <project type="com.crt.advproject.projecttype.exe" nature="org.eclipse.cdt.core.cnature"/>
    </projects>
    <memory>
      <memoryBlock id="PROGRAM_FLASH_MIMXRT1064xxxxA" name="PROGRAM_FLASH" addr="70000000" size="00400000" type="Flash" access="RO"/>
      <memoryBlock id="SRAM_OC_MIMXRT1064xxxxA" name="SRAM_OC" addr="20200000" size="000C0000" type="RAM" access="RW"/>
      <memoryBlock id="SRAM_DTC_MIMXRT1064xxxxA" name="SRAM_DTC" addr="20000000" size="00020000" type="RAM" access="RW"/>
      <memoryBlock id="SRAM_ITC_MIMXRT1064xxxxA" name="SRAM_ITC" addr="00000000" size="00020000" type="RAM" access="RW"/>
      <memoryBlock id="BOARD_SDRAM_evkmimxrt1064" name="BOARD_SDRAM" addr="80000000" size="01E00000" type="RAM" access="RW"/>
      <memoryBlock id="NCACHE_REGION_evkmimxrt1064" name="NCACHE_REGION" addr="81E00000" size="00200000" type="RAM" access="RW"/>
    </memory>
    <toolchainSettings>
      <toolchainSetting id_refs="com.nxp.mcuxpresso">
        <option id="gnu.c.compiler.option.preprocessor.def.symbols" type="stringList">
          <value>CPU_MIMXRT1064DVL6A</value>
          <value>SDK_DEBUGCONSOLE=1</value>
          <value>XIP_EXTERNAL_FLASH=1</value>
          <value>XIP_BOOT_HEADER_ENABLE=1</value>
          <value>USE_RTOS=1</value>
          <value>PRINTF_ADVANCED_ENABLE=1</value>
          <value>SDK_OS_FREE_RTOS</value>
          <value>SDIO_ENABLED</value>
          <value>SERIAL_PORT_TYPE_UART=1</value>
          <value>MCUXPRESSO_SDK</value>
        </option>
        <option id="com.crt.advproject.gas.hdrlib" type="enum">
          <value>com.crt.advproject.gas.hdrlib.newlibnano</value>
        </option>
        <option id="com.crt.advproject.gas.specs" type="enum">
          <value>com.crt.advproject.gas.specs.newlibnano</value>
        </option>
        <option id="com.crt.advproject.gcc.hdrlib" type="enum">
          <value>com.crt.advproject.gcc.hdrlib.newlibnano</value>
        </option>
        <option id="com.crt.advproject.gcc.specs" type="enum">
          <value>com.crt.advproject.gcc.specs.newlibnano</value>
        </option>
        <option id="com.crt.advproject.link.gcc.hdrlib" type="enum">
          <value>com.crt.advproject.gcc.link.hdrlib.newlibnano.nohost</value>
        </option>
        <option id="com.crt.advproject.link.fpu" type="enum">
          <value>com.crt.advproject.link.fpu.fpv5dp.hard</value>
        </option>
        <option id="gnu.c.link.option.nostdlibs" type="boolean">
          <value>true</value>
        </option>
        <option id="com.crt.advproject.link.memory.sections" type="stringList">
          <value>isd=*(NonCacheable.init);region=SRAM_DTC;type=.data</value>
          <value>isd=*(NonCacheable);region=SRAM_DTC;type=.bss</value>
        </option>
        <option id="com.crt.advproject.gas.fpu" type="enum">
          <value>com.crt.advproject.gas.fpu.fpv5dp.hard</value>
        </option>
        <option id="com.crt.advproject.gcc.fpu" type="enum">
          <value>com.crt.advproject.gcc.fpu.fpv5dp.hard</value>
        </option>
        <option id="gnu.c.compiler.option.optimization.flags" type="string">
          <value>-fno-common</value>
        </option>
        <option id="com.crt.advproject.c.misc.dialect" type="enum">
          <value>com.crt.advproject.misc.dialect.gnu99</value>
        </option>
        <option id="gnu.c.compiler.option.misc.other" type="string">
          <value>-c -ffunction-sections -fdata-sections -ffreestanding -fno-builtin</value>
        </option>
        <option id="gnu.c.compiler.option.warnings.allwarn" type="boolean">
          <value>false</value>
        </option>
        <option id="gnu.c.compiler.option.warnings.toerrors" type="boolean">
          <value>false</value>
        </option>
      </toolchainSetting>
    </toolchainSettings>
    <debug_configurations>
      <debug_configuration id_refs="com.crt.advproject.config.exe.debug com.crt.advproject.config.exe.release">
        <drivers>
          <driver id_refs="PROGRAM_FLASH_MIMXRT1064xxxxA">
            <driverBinary path="../../../../devices/MIMXRT1064/mcuxpresso" project_relative_path="binary" type="binary">
              <files mask="MIMXRT1064.cfx"/>
            </driverBinary>
          </driver>
        </drivers>
      </debug_configuration>
    </debug_configurations>
    <include_paths>
      <include_path path="." project_relative_path="source" type="c_include"/>
      <include_path path="." project_relative_path="board" type="c_include"/>
      <include_path path="../../mqtt_examples/wifi_mqtt/freertos" project_relative_path="source" type="c_include"/>
      <include_path path="../common" project_relative_path="board" type="c_include"/>
      <include_path path="../.." project_relative_path="board" type="c_include"/>
      <include_path path="." project_relative_path="source" type="asm_include"/>
      <include_path path="." project_relative_path="board" type="asm_include"/>
    </include_paths>
    <source path="iar" project_relative_path="./" type="workspace" toolchain="iar">
      <files mask="wifi_mqtt.ewd"/>
      <files mask="wifi_mqtt.ewp"/>
      <files mask="wifi_mqtt.eww"/>
    </source>
    <source path="mdk" project_relative_path="./" type="workspace" toolchain="mdk">
      <files mask="wifi_mqtt.uvprojx"/>
      <files mask="wifi_mqtt.uvoptx"/>
      <files mask="wifi_mqtt.uvmpw"/>
    </source>
    <source path="armgcc" project_relative_path="./" type="workspace" toolchain="armgcc">
      <files mask="build_all.bat"/>
      <files mask="build_all.sh"/>
      <files mask="clean.bat"/>
      <files mask="clean.sh"/>
      <files mask="CMakeLists.txt"/>
      <files mask="flags.cmake"/>
      <files mask="config.cmake"/>
      <files mask="build_flexspi_nor_debug.bat"/>
      <files mask="build_flexspi_nor_debug.sh"/>
      <files mask="build_flexspi_nor_release.bat"/>
      <files mask="build_flexspi_nor_release.sh"/>
    </source>
    <source path="armgcc/linker" project_relative_path="evkmimxrt1064/wifi_examples/common/linker" type="linker" toolchain="armgcc">
      <files mask="MIMXRT1064xxxxx_flexspi_nor.ld"/>
    </source>
    <source path="iar/linker" project_relative_path="evkmimxrt1064/wifi_examples/common/linker" type="linker" toolchain="iar">
      <files mask="MIMXRT1064xxxxx_flexspi_nor.icf"/>
    </source>
    <source path="mdk/linker" project_relative_path="evkmimxrt1064/wifi_examples/common/linker" type="linker" toolchain="mdk">
      <files mask="MIMXRT1064xxxxx_flexspi_nor.scf"/>
    </source>
    <source path="linkscripts" project_relative_path="linkscripts" type="src" toolchain="mcuxpresso">
      <files mask="data.ldt"/>
      <files mask="main_text.ldt"/>
    </source>
    <source path="." project_relative_path="source" type="src">
      <files mask="wifi_mqtt.c"/>
    </source>
    <source path="." project_relative_path="board" type="src">
      <files mask="pin_mux.c"/>
    </source>
    <source path="." project_relative_path="board" type="c_include">
      <files mask="pin_mux.h"/>
    </source>
    <source path="." project_relative_path="doc" type="doc" exclude="true">
      <files mask="readme_modules.txt"/>
    </source>
    <source path="." project_relative_path="source" type="c_include">
      <files mask="lwipopts.h"/>
      <files mask="lwippools.h"/>
      <files mask="FreeRTOSConfig.h"/>
    </source>
    <source path="../../mqtt_examples/wifi_mqtt/freertos" project_relative_path="source" type="src">
      <files mask="mqtt_freertos.c"/>
    </source>
    <source path="../../mqtt_examples/wifi_mqtt/freertos" project_relative_path="source" type="c_include">
      <files mask="mqtt_freertos.h"/>
    </source>
    <source path="." project_relative_path="board" type="src">
      <files mask="sdmmc_config.c"/>
      <files mask="wifi_bt_config.c"/>
      <files mask="board.c"/>
      <files mask="clock_config.c"/>
      <files mask="dcd.c"/>
    </source>
    <source path="." project_relative_path="board" type="c_include">
      <files mask="sdmmc_config.h"/>
      <files mask="wifi_bt_config.h"/>
      <files mask="board.h"/>
      <files mask="clock_config.h"/>
      <files mask="dcd.h"/>
    </source>
    <source path="." project_relative_path="source" type="c_preinclude">
      <files mask="app_config.h"/>
    </source>
    <source path="." project_relative_path="source" type="c_include">
      <files mask="wifi_config.h"/>
    </source>
    <source path="." project_relative_path="doc" type="doc" toolchain="iar mdk mcuxpresso armgcc">
      <files mask="readme.txt"/>
    </source>
    <source path="mdk" project_relative_path="evkmimxrt1064" type="configuration" toolchain="mdk">
      <files mask="evkmimxrt1064_flexspi_nor.ini"/>
    </source>
  </example>
</ksdk:examples>
